date,value,series_id,unit,source
2021-04-08,0.8629,gbpeur,FX,ecb
2021-04-09,0.86658,gbpeur,FX,ecb
2021-04-12,0.86518,gbpeur,FX,ecb
2021-04-13,0.86698,gbpeur,FX,ecb
2021-04-14,0.86918,gbpeur,FX,ecb
2021-04-15,0.86753,gbpeur,FX,ecb
2021-04-16,0.86793,gbpeur,FX,ecb
2021-04-19,0.86355,gbpeur,FX,ecb
2021-04-20,0.86295,gbpeur,FX,ecb
2021-04-21,0.8625,gbpeur,FX,ecb
2021-04-22,0.86855,gbpeur,FX,ecb
2021-04-23,0.86905,gbpeur,FX,ecb
2021-04-26,0.86975,gbpeur,FX,ecb
2021-04-27,0.86895,gbpeur,FX,ecb
2021-04-28,0.86988,gbpeur,FX,ecb
2021-04-29,0.8691,gbpeur,FX,ecb
2021-04-30,0.86863,gbpeur,FX,ecb
2021-05-03,0.86838,gbpeur,FX,ecb
2021-05-04,0.8677,gbpeur,FX,ecb
2021-05-05,0.86274,gbpeur,FX,ecb
2021-05-06,0.86708,gbpeur,FX,ecb
2021-05-07,0.8681,gbpeur,FX,ecb
2021-05-10,0.86195,gbpeur,FX,ecb
2021-05-11,0.86013,gbpeur,FX,ecb
2021-05-12,0.85798,gbpeur,FX,ecb
2021-05-13,0.86063,gbpeur,FX,ecb
2021-05-14,0.86083,gbpeur,FX,ecb
2021-05-17,0.86215,gbpeur,FX,ecb
2021-05-18,0.85998,gbpeur,FX,ecb
2021-05-19,0.86233,gbpeur,FX,ecb
2021-05-20,0.864,gbpeur,FX,ecb
2021-05-21,0.8587,gbpeur,FX,ecb
2021-05-24,0.86408,gbpeur,FX,ecb
2021-05-25,0.86573,gbpeur,FX,ecb
2021-05-26,0.8633,gbpeur,FX,ecb
2021-05-27,0.86068,gbpeur,FX,ecb
2021-05-28,0.85765,gbpeur,FX,ecb
2021-05-31,0.86013,gbpeur,FX,ecb
2021-06-01,0.86285,gbpeur,FX,ecb
2021-06-02,0.86125,gbpeur,FX,ecb
2021-06-03,0.85955,gbpeur,FX,ecb
2021-06-04,0.8569,gbpeur,FX,ecb
2021-06-07,0.85825,gbpeur,FX,ecb
2021-06-08,0.861,gbpeur,FX,ecb
2021-06-09,0.86053,gbpeur,FX,ecb
2021-06-10,0.86293,gbpeur,FX,ecb
2021-06-11,0.8571,gbpeur,FX,ecb
2021-06-14,0.85898,gbpeur,FX,ecb
2021-06-15,0.8615,gbpeur,FX,ecb
2021-06-16,0.8583,gbpeur,FX,ecb
2021-06-17,0.85525,gbpeur,FX,ecb
2021-06-18,0.85785,gbpeur,FX,ecb
2021-06-21,0.8567,gbpeur,FX,ecb
2021-06-22,0.8556,gbpeur,FX,ecb
2021-06-23,0.85435,gbpeur,FX,ecb
2021-06-24,0.85883,gbpeur,FX,ecb
2021-06-25,0.8595,gbpeur,FX,ecb
2021-06-28,0.8571,gbpeur,FX,ecb
2021-06-29,0.85948,gbpeur,FX,ecb
2021-06-30,0.85805,gbpeur,FX,ecb
2021-07-01,0.86033,gbpeur,FX,ecb
2021-07-02,0.86003,gbpeur,FX,ecb
2021-07-05,0.85665,gbpeur,FX,ecb
2021-07-06,0.8545,gbpeur,FX,ecb
2021-07-07,0.855,gbpeur,FX,ecb
2021-07-08,0.86133,gbpeur,FX,ecb
2021-07-09,0.85758,gbpeur,FX,ecb
2021-07-12,0.8557,gbpeur,FX,ecb
2021-07-13,0.85518,gbpeur,FX,ecb
2021-07-14,0.85158,gbpeur,FX,ecb
2021-07-15,0.85188,gbpeur,FX,ecb
2021-07-16,0.85298,gbpeur,FX,ecb
2021-07-19,0.85913,gbpeur,FX,ecb
2021-07-20,0.86545,gbpeur,FX,ecb
2021-07-21,0.86363,gbpeur,FX,ecb
2021-07-22,0.85563,gbpeur,FX,ecb
2021-07-23,0.85543,gbpeur,FX,ecb
2021-07-26,0.85468,gbpeur,FX,ecb
2021-07-27,0.85503,gbpeur,FX,ecb
2021-07-28,0.85095,gbpeur,FX,ecb
2021-07-29,0.8508,gbpeur,FX,ecb
2021-07-30,0.8514,gbpeur,FX,ecb
2021-08-02,0.85568,gbpeur,FX,ecb
2021-08-03,0.85355,gbpeur,FX,ecb
2021-08-04,0.85153,gbpeur,FX,ecb
2021-08-05,0.8506,gbpeur,FX,ecb
2021-08-06,0.8484,gbpeur,FX,ecb
2021-08-09,0.84745,gbpeur,FX,ecb
2021-08-10,0.84568,gbpeur,FX,ecb
2021-08-11,0.84698,gbpeur,FX,ecb
2021-08-12,0.84743,gbpeur,FX,ecb
2021-08-13,0.85093,gbpeur,FX,ecb
2021-08-16,0.84873,gbpeur,FX,ecb
2021-08-17,0.85323,gbpeur,FX,ecb
2021-08-18,0.85183,gbpeur,FX,ecb
2021-08-19,0.85523,gbpeur,FX,ecb
2021-08-20,0.8575,gbpeur,FX,ecb
2021-08-23,0.85635,gbpeur,FX,ecb
2021-08-24,0.85578,gbpeur,FX,ecb
2021-08-25,0.8559,gbpeur,FX,ecb
2021-08-26,0.85718,gbpeur,FX,ecb
2021-08-27,0.85703,gbpeur,FX,ecb
2021-08-30,0.85748,gbpeur,FX,ecb
2021-08-31,0.85875,gbpeur,FX,ecb
2021-09-01,0.85863,gbpeur,FX,ecb
2021-09-02,0.85915,gbpeur,FX,ecb
2021-09-03,0.8584,gbpeur,FX,ecb
2021-09-06,0.8571,gbpeur,FX,ecb
2021-09-07,0.86115,gbpeur,FX,ecb
2021-09-08,0.85873,gbpeur,FX,ecb
2021-09-09,0.85555,gbpeur,FX,ecb
2021-09-10,0.8526,gbpeur,FX,ecb
2021-09-13,0.8512,gbpeur,FX,ecb
2021-09-14,0.8526,gbpeur,FX,ecb
2021-09-15,0.8551,gbpeur,FX,ecb
2021-09-16,0.85025,gbpeur,FX,ecb
2021-09-17,0.85363,gbpeur,FX,ecb
2021-09-20,0.85705,gbpeur,FX,ecb
2021-09-21,0.85855,gbpeur,FX,ecb
2021-09-22,0.86,gbpeur,FX,ecb
2021-09-23,0.85495,gbpeur,FX,ecb
2021-09-24,0.85703,gbpeur,FX,ecb
2021-09-27,0.8542,gbpeur,FX,ecb
2021-09-28,0.8595,gbpeur,FX,ecb
2021-09-29,0.86443,gbpeur,FX,ecb
2021-09-30,0.86053,gbpeur,FX,ecb
2021-10-01,0.85653,gbpeur,FX,ecb
2021-10-04,0.8553,gbpeur,FX,ecb
2021-10-05,0.85173,gbpeur,FX,ecb
2021-10-06,0.8497,gbpeur,FX,ecb
2021-10-07,0.85023,gbpeur,FX,ecb
2021-10-08,0.8489,gbpeur,FX,ecb
2021-10-11,0.84878,gbpeur,FX,ecb
2021-10-12,0.84755,gbpeur,FX,ecb
2021-10-13,0.84898,gbpeur,FX,ecb
2021-10-14,0.84618,gbpeur,FX,ecb
2021-10-15,0.84368,gbpeur,FX,ecb
2021-10-18,0.84438,gbpeur,FX,ecb
2021-10-19,0.84275,gbpeur,FX,ecb
2021-10-20,0.84503,gbpeur,FX,ecb
2021-10-21,0.8429,gbpeur,FX,ecb
2021-10-22,0.8437,gbpeur,FX,ecb
2021-10-25,0.8438,gbpeur,FX,ecb
2021-10-26,0.84178,gbpeur,FX,ecb
2021-10-27,0.8453,gbpeur,FX,ecb
2021-10-28,0.84373,gbpeur,FX,ecb
2021-10-29,0.8449,gbpeur,FX,ecb
2021-11-01,0.84575,gbpeur,FX,ecb
2021-11-02,0.84955,gbpeur,FX,ecb
2021-11-03,0.84823,gbpeur,FX,ecb
2021-11-04,0.8535,gbpeur,FX,ecb
2021-11-05,0.85545,gbpeur,FX,ecb
2021-11-08,0.85478,gbpeur,FX,ecb
2021-11-09,0.8538,gbpeur,FX,ecb
2021-11-10,0.85548,gbpeur,FX,ecb
2021-11-11,0.85538,gbpeur,FX,ecb
2021-11-12,0.85505,gbpeur,FX,ecb
2021-11-15,0.85165,gbpeur,FX,ecb
2021-11-16,0.84533,gbpeur,FX,ecb
2021-11-17,0.8409,gbpeur,FX,ecb
2021-11-18,0.84173,gbpeur,FX,ecb
2021-11-19,0.83928,gbpeur,FX,ecb
2021-11-22,0.83923,gbpeur,FX,ecb
2021-11-23,0.84185,gbpeur,FX,ecb
2021-11-24,0.83935,gbpeur,FX,ecb
2021-11-25,0.84295,gbpeur,FX,ecb
2021-11-26,0.8462,gbpeur,FX,ecb
2021-11-29,0.84583,gbpeur,FX,ecb
2021-11-30,0.85173,gbpeur,FX,ecb
2021-12-01,0.85,gbpeur,FX,ecb
2021-12-02,0.85135,gbpeur,FX,ecb
2021-12-03,0.85048,gbpeur,FX,ecb
2021-12-06,0.85128,gbpeur,FX,ecb
2021-12-07,0.84933,gbpeur,FX,ecb
2021-12-08,0.85603,gbpeur,FX,ecb
2021-12-09,0.8574,gbpeur,FX,ecb
2021-12-10,0.85355,gbpeur,FX,ecb
2021-12-13,0.85158,gbpeur,FX,ecb
2021-12-14,0.85345,gbpeur,FX,ecb
2021-12-15,0.8498,gbpeur,FX,ecb
2021-12-16,0.84835,gbpeur,FX,ecb
2021-12-17,0.85208,gbpeur,FX,ecb
2021-12-20,0.85205,gbpeur,FX,ecb
2021-12-21,0.8528,gbpeur,FX,ecb
2021-12-22,0.849,gbpeur,FX,ecb
2021-12-23,0.84228,gbpeur,FX,ecb
2021-12-24,0.84389,gbpeur,FX,ecb
2021-12-27,0.8433,gbpeur,FX,ecb
2021-12-28,0.84248,gbpeur,FX,ecb
2021-12-29,0.84115,gbpeur,FX,ecb
2021-12-30,0.8393,gbpeur,FX,ecb
2021-12-31,0.84028,gbpeur,FX,ecb
2022-01-03,0.84135,gbpeur,FX,ecb
2022-01-04,0.83618,gbpeur,FX,ecb
2022-01-05,0.83546,gbpeur,FX,ecb
2022-01-06,0.83593,gbpeur,FX,ecb
2022-01-07,0.8343,gbpeur,FX,ecb
2022-01-10,0.83398,gbpeur,FX,ecb
2022-01-11,0.83475,gbpeur,FX,ecb
2022-01-12,0.83338,gbpeur,FX,ecb
2022-01-13,0.83545,gbpeur,FX,ecb
2022-01-14,0.83508,gbpeur,FX,ecb
2022-01-17,0.83573,gbpeur,FX,ecb
2022-01-18,0.83673,gbpeur,FX,ecb
2022-01-19,0.83168,gbpeur,FX,ecb
2022-01-20,0.83265,gbpeur,FX,ecb
2022-01-21,0.83633,gbpeur,FX,ecb
2022-01-24,0.83803,gbpeur,FX,ecb
2022-01-25,0.83713,gbpeur,FX,ecb
2022-01-26,0.83458,gbpeur,FX,ecb
2022-01-27,0.83368,gbpeur,FX,ecb
2022-01-28,0.83178,gbpeur,FX,ecb
2022-01-31,0.83153,gbpeur,FX,ecb
2022-02-01,0.83498,gbpeur,FX,ecb
2022-02-02,0.83395,gbpeur,FX,ecb
2022-02-03,0.83208,gbpeur,FX,ecb
2022-02-04,0.84593,gbpeur,FX,ecb
2022-02-07,0.84685,gbpeur,FX,ecb
2022-02-08,0.84363,gbpeur,FX,ecb
2022-02-09,0.84255,gbpeur,FX,ecb
2022-02-10,0.84248,gbpeur,FX,ecb
2022-02-11,0.83958,gbpeur,FX,ecb
2022-02-14,0.8372,gbpeur,FX,ecb
2022-02-15,0.83765,gbpeur,FX,ecb
2022-02-16,0.8394,gbpeur,FX,ecb
2022-02-17,0.83493,gbpeur,FX,ecb
2022-02-18,0.83425,gbpeur,FX,ecb
2022-02-21,0.83298,gbpeur,FX,ecb
2022-02-22,0.83685,gbpeur,FX,ecb
2022-02-23,0.83463,gbpeur,FX,ecb
2022-02-24,0.83463,gbpeur,FX,ecb
2022-02-25,0.8374,gbpeur,FX,ecb
2022-02-28,0.8355,gbpeur,FX,ecb
2022-03-01,0.8329,gbpeur,FX,ecb
2022-03-02,0.83316,gbpeur,FX,ecb
2022-03-03,0.82773,gbpeur,FX,ecb
2022-03-04,0.82388,gbpeur,FX,ecb
2022-03-07,0.82625,gbpeur,FX,ecb
2022-03-08,0.83185,gbpeur,FX,ecb
2022-03-09,0.8357,gbpeur,FX,ecb
2022-03-10,0.84175,gbpeur,FX,ecb
2022-03-11,0.8397,gbpeur,FX,ecb
2022-03-14,0.83915,gbpeur,FX,ecb
2022-03-15,0.84053,gbpeur,FX,ecb
2022-03-16,0.83988,gbpeur,FX,ecb
2022-03-17,0.84315,gbpeur,FX,ecb
2022-03-18,0.83925,gbpeur,FX,ecb
2022-03-21,0.83775,gbpeur,FX,ecb
2022-03-22,0.83228,gbpeur,FX,ecb
2022-03-23,0.8328,gbpeur,FX,ecb
2022-03-24,0.83288,gbpeur,FX,ecb
2022-03-25,0.8338,gbpeur,FX,ecb
2022-03-28,0.83643,gbpeur,FX,ecb
2022-03-29,0.8444,gbpeur,FX,ecb
2022-03-30,0.84563,gbpeur,FX,ecb
2022-03-31,0.84595,gbpeur,FX,ecb
2022-04-01,0.84145,gbpeur,FX,ecb
2022-04-04,0.8389,gbpeur,FX,ecb
2022-04-05,0.8349,gbpeur,FX,ecb
2022-04-06,0.83473,gbpeur,FX,ecb
2022-04-07,0.8345,gbpeur,FX,ecb
2022-04-08,0.83355,gbpeur,FX,ecb
2022-04-11,0.83693,gbpeur,FX,ecb
2022-04-12,0.83455,gbpeur,FX,ecb
2022-04-13,0.8328,gbpeur,FX,ecb
2022-04-14,0.82908,gbpeur,FX,ecb
2022-04-19,0.82955,gbpeur,FX,ecb
2022-04-20,0.82965,gbpeur,FX,ecb
2022-04-21,0.83523,gbpeur,FX,ecb
2022-04-22,0.83925,gbpeur,FX,ecb
2022-04-25,0.8433,gbpeur,FX,ecb
2022-04-26,0.84135,gbpeur,FX,ecb
2022-04-27,0.84215,gbpeur,FX,ecb
2022-04-28,0.8435,gbpeur,FX,ecb
2022-04-29,0.83908,gbpeur,FX,ecb
2022-05-02,0.8381,gbpeur,FX,ecb
2022-05-03,0.8413,gbpeur,FX,ecb
2022-05-04,0.84194,gbpeur,FX,ecb
2022-05-05,0.8519,gbpeur,FX,ecb
2022-05-06,0.85625,gbpeur,FX,ecb
2022-05-09,0.85235,gbpeur,FX,ecb
2022-05-10,0.85595,gbpeur,FX,ecb
2022-05-11,0.85393,gbpeur,FX,ecb
2022-05-12,0.85293,gbpeur,FX,ecb
2022-05-13,0.85115,gbpeur,FX,ecb
2022-05-16,0.85045,gbpeur,FX,ecb
2022-05-17,0.844,gbpeur,FX,ecb
2022-05-18,0.8467,gbpeur,FX,ecb
2022-05-19,0.84728,gbpeur,FX,ecb
2022-05-20,0.8482,gbpeur,FX,ecb
2022-05-23,0.84783,gbpeur,FX,ecb
2022-05-24,0.8575,gbpeur,FX,ecb
2022-05-25,0.85295,gbpeur,FX,ecb
2022-05-26,0.85073,gbpeur,FX,ecb
2022-05-27,0.84875,gbpeur,FX,ecb
2022-05-30,0.8515,gbpeur,FX,ecb
2022-05-31,0.85138,gbpeur,FX,ecb
2022-06-01,0.85158,gbpeur,FX,ecb
2022-06-02,0.85195,gbpeur,FX,ecb
2022-06-03,0.8542,gbpeur,FX,ecb
2022-06-06,0.85415,gbpeur,FX,ecb
2022-06-07,0.85365,gbpeur,FX,ecb
2022-06-08,0.85575,gbpeur,FX,ecb
2022-06-09,0.85653,gbpeur,FX,ecb
2022-06-10,0.85048,gbpeur,FX,ecb
2022-06-13,0.8585,gbpeur,FX,ecb
2022-06-14,0.86578,gbpeur,FX,ecb
2022-06-15,0.86328,gbpeur,FX,ecb
2022-06-16,0.8555,gbpeur,FX,ecb
2022-06-17,0.855,gbpeur,FX,ecb
2022-06-20,0.85748,gbpeur,FX,ecb
2022-06-21,0.8601,gbpeur,FX,ecb
2022-06-22,0.85885,gbpeur,FX,ecb
2022-06-23,0.85818,gbpeur,FX,ecb
2022-06-24,0.85773,gbpeur,FX,ecb
2022-06-27,0.862,gbpeur,FX,ecb
2022-06-28,0.8635,gbpeur,FX,ecb
2022-06-29,0.86461,gbpeur,FX,ecb
2022-06-30,0.8582,gbpeur,FX,ecb
2022-07-01,0.86648,gbpeur,FX,ecb
2022-07-04,0.8596,gbpeur,FX,ecb
2022-07-05,0.85845,gbpeur,FX,ecb
2022-07-06,0.85676,gbpeur,FX,ecb
2022-07-07,0.85105,gbpeur,FX,ecb
2022-07-08,0.84585,gbpeur,FX,ecb
2022-07-11,0.8454,gbpeur,FX,ecb
2022-07-12,0.84823,gbpeur,FX,ecb
2022-07-13,0.84371,gbpeur,FX,ecb
2022-07-14,0.8456,gbpeur,FX,ecb
2022-07-15,0.84988,gbpeur,FX,ecb
2022-07-18,0.84708,gbpeur,FX,ecb
2022-07-19,0.85303,gbpeur,FX,ecb
2022-07-20,0.85178,gbpeur,FX,ecb
2022-07-21,0.85545,gbpeur,FX,ecb
2022-07-22,0.85141,gbpeur,FX,ecb
2022-07-25,0.84813,gbpeur,FX,ecb
2022-07-26,0.84558,gbpeur,FX,ecb
2022-07-27,0.84138,gbpeur,FX,ecb
2022-07-28,0.83586,gbpeur,FX,ecb
2022-07-29,0.8399,gbpeur,FX,ecb
2022-08-01,0.837,gbpeur,FX,ecb
2022-08-02,0.83665,gbpeur,FX,ecb
2022-08-03,0.83629,gbpeur,FX,ecb
2022-08-04,0.84231,gbpeur,FX,ecb
2022-08-05,0.84268,gbpeur,FX,ecb
2022-08-08,0.84165,gbpeur,FX,ecb
2022-08-09,0.8452,gbpeur,FX,ecb
2022-08-10,0.84608,gbpeur,FX,ecb
2022-08-11,0.84575,gbpeur,FX,ecb
2022-08-12,0.84715,gbpeur,FX,ecb
2022-08-15,0.84375,gbpeur,FX,ecb
2022-08-16,0.84218,gbpeur,FX,ecb
2022-08-17,0.84208,gbpeur,FX,ecb
2022-08-18,0.84391,gbpeur,FX,ecb
2022-08-19,0.84938,gbpeur,FX,ecb
2022-08-22,0.84658,gbpeur,FX,ecb
2022-08-23,0.84343,gbpeur,FX,ecb
2022-08-24,0.84283,gbpeur,FX,ecb
2022-08-25,0.84293,gbpeur,FX,ecb
2022-08-26,0.8459,gbpeur,FX,ecb
2022-08-29,0.8542,gbpeur,FX,ecb
2022-08-30,0.85645,gbpeur,FX,ecb
2022-08-31,0.86035,gbpeur,FX,ecb
2022-09-01,0.86473,gbpeur,FX,ecb
2022-09-02,0.86478,gbpeur,FX,ecb
2022-09-05,0.86358,gbpeur,FX,ecb
2022-09-06,0.85743,gbpeur,FX,ecb
2022-09-07,0.8651,gbpeur,FX,ecb
2022-09-08,0.86656,gbpeur,FX,ecb
2022-09-09,0.8686,gbpeur,FX,ecb
2022-09-12,0.86778,gbpeur,FX,ecb
2022-09-13,0.86793,gbpeur,FX,ecb
2022-09-14,0.86498,gbpeur,FX,ecb
2022-09-15,0.86934,gbpeur,FX,ecb
2022-09-16,0.874,gbpeur,FX,ecb
2022-09-19,0.87785,gbpeur,FX,ecb
2022-09-20,0.87395,gbpeur,FX,ecb
2022-09-21,0.87335,gbpeur,FX,ecb
2022-09-22,0.87256,gbpeur,FX,ecb
2022-09-23,0.88201,gbpeur,FX,ecb
2022-09-26,0.89404,gbpeur,FX,ecb
2022-09-27,0.89275,gbpeur,FX,ecb
2022-09-28,0.90268,gbpeur,FX,ecb
2022-09-29,0.89485,gbpeur,FX,ecb
2022-09-30,0.883,gbpeur,FX,ecb
2022-10-03,0.8707,gbpeur,FX,ecb
2022-10-04,0.87273,gbpeur,FX,ecb
2022-10-05,0.8734,gbpeur,FX,ecb
2022-10-06,0.87583,gbpeur,FX,ecb
2022-10-07,0.87383,gbpeur,FX,ecb
2022-10-10,0.8773,gbpeur,FX,ecb
2022-10-11,0.87703,gbpeur,FX,ecb
2022-10-12,0.8784,gbpeur,FX,ecb
2022-10-13,0.86513,gbpeur,FX,ecb
2022-10-14,0.86823,gbpeur,FX,ecb
2022-10-17,0.8625,gbpeur,FX,ecb
2022-10-18,0.86928,gbpeur,FX,ecb
2022-10-19,0.86993,gbpeur,FX,ecb
2022-10-20,0.87258,gbpeur,FX,ecb
2022-10-21,0.87728,gbpeur,FX,ecb
2022-10-24,0.8707,gbpeur,FX,ecb
2022-10-25,0.87143,gbpeur,FX,ecb
2022-10-26,0.86603,gbpeur,FX,ecb
2022-10-27,0.86745,gbpeur,FX,ecb
2022-10-28,0.8612,gbpeur,FX,ecb
2022-10-31,0.86115,gbpeur,FX,ecb
2022-11-01,0.86058,gbpeur,FX,ecb
2022-11-02,0.861,gbpeur,FX,ecb
2022-11-03,0.87228,gbpeur,FX,ecb
2022-11-04,0.87478,gbpeur,FX,ecb
2022-11-07,0.87135,gbpeur,FX,ecb
2022-11-08,0.87378,gbpeur,FX,ecb
2022-11-09,0.87774,gbpeur,FX,ecb
2022-11-10,0.87298,gbpeur,FX,ecb
2022-11-11,0.87538,gbpeur,FX,ecb
2022-11-14,0.87513,gbpeur,FX,ecb
2022-11-15,0.87455,gbpeur,FX,ecb
2022-11-16,0.87483,gbpeur,FX,ecb
2022-11-17,0.87475,gbpeur,FX,ecb
2022-11-18,0.87063,gbpeur,FX,ecb
2022-11-21,0.86793,gbpeur,FX,ecb
2022-11-22,0.86358,gbpeur,FX,ecb
2022-11-23,0.86369,gbpeur,FX,ecb
2022-11-24,0.85933,gbpeur,FX,ecb
2022-11-25,0.85885,gbpeur,FX,ecb
2022-11-28,0.86606,gbpeur,FX,ecb
2022-11-29,0.86218,gbpeur,FX,ecb
2022-11-30,0.86488,gbpeur,FX,ecb
2022-12-01,0.85715,gbpeur,FX,ecb
2022-12-02,0.85855,gbpeur,FX,ecb
2022-12-05,0.86085,gbpeur,FX,ecb
2022-12-06,0.8617,gbpeur,FX,ecb
2022-12-07,0.86408,gbpeur,FX,ecb
2022-12-08,0.86258,gbpeur,FX,ecb
2022-12-09,0.8595,gbpeur,FX,ecb
2022-12-12,0.86006,gbpeur,FX,ecb
2022-12-13,0.85753,gbpeur,FX,ecb
2022-12-14,0.86118,gbpeur,FX,ecb
2022-12-15,0.86194,gbpeur,FX,ecb
2022-12-16,0.87233,gbpeur,FX,ecb
2022-12-19,0.87118,gbpeur,FX,ecb
2022-12-20,0.8753,gbpeur,FX,ecb
2022-12-21,0.87651,gbpeur,FX,ecb
2022-12-22,0.88243,gbpeur,FX,ecb
2022-12-23,0.8803,gbpeur,FX,ecb
2022-12-27,0.88333,gbpeur,FX,ecb
2022-12-28,0.88058,gbpeur,FX,ecb
2022-12-29,0.88549,gbpeur,FX,ecb
2022-12-30,0.88693,gbpeur,FX,ecb
2023-01-02,0.8863,gbpeur,FX,ecb
2023-01-03,0.88048,gbpeur,FX,ecb
2023-01-04,0.88076,gbpeur,FX,ecb
2023-01-05,0.88303,gbpeur,FX,ecb
2023-01-06,0.88475,gbpeur,FX,ecb
2023-01-09,0.88048,gbpeur,FX,ecb
2023-01-10,0.8833,gbpeur,FX,ecb
2023-01-11,0.88673,gbpeur,FX,ecb
2023-01-12,0.8869,gbpeur,FX,ecb
2023-01-13,0.888,gbpeur,FX,ecb
2023-01-16,0.88758,gbpeur,FX,ecb
2023-01-17,0.88595,gbpeur,FX,ecb
2023-01-18,0.8753,gbpeur,FX,ecb
2023-01-19,0.87648,gbpeur,FX,ecb
2023-01-20,0.876,gbpeur,FX,ecb
2023-01-23,0.8797,gbpeur,FX,ecb
2023-01-24,0.88368,gbpeur,FX,ecb
2023-01-25,0.88248,gbpeur,FX,ecb
2023-01-26,0.87945,gbpeur,FX,ecb
2023-01-27,0.87885,gbpeur,FX,ecb
2023-01-30,0.87978,gbpeur,FX,ecb
2023-01-31,0.88073,gbpeur,FX,ecb
2023-02-01,0.88413,gbpeur,FX,ecb
2023-02-02,0.89289,gbpeur,FX,ecb
2023-02-03,0.8925,gbpeur,FX,ecb
2023-02-06,0.89278,gbpeur,FX,ecb
2023-02-07,0.89338,gbpeur,FX,ecb
2023-02-08,0.888,gbpeur,FX,ecb
2023-02-09,0.88515,gbpeur,FX,ecb
2023-02-10,0.88348,gbpeur,FX,ecb
2023-02-13,0.88281,gbpeur,FX,ecb
2023-02-14,0.88125,gbpeur,FX,ecb
2023-02-15,0.88825,gbpeur,FX,ecb
2023-02-16,0.88883,gbpeur,FX,ecb
2023-02-17,0.88888,gbpeur,FX,ecb
2023-02-20,0.88738,gbpeur,FX,ecb
2023-02-21,0.87925,gbpeur,FX,ecb
2023-02-22,0.87945,gbpeur,FX,ecb
2023-02-23,0.8814,gbpeur,FX,ecb
2023-02-24,0.88245,gbpeur,FX,ecb
2023-02-27,0.88073,gbpeur,FX,ecb
2023-02-28,0.87701,gbpeur,FX,ecb
2023-03-01,0.88574,gbpeur,FX,ecb
2023-03-02,0.88785,gbpeur,FX,ecb
2023-03-03,0.8853,gbpeur,FX,ecb
2023-03-06,0.8863,gbpeur,FX,ecb
2023-03-07,0.88968,gbpeur,FX,ecb
2023-03-08,0.89074,gbpeur,FX,ecb
2023-03-09,0.88814,gbpeur,FX,ecb
2023-03-10,0.88258,gbpeur,FX,ecb
2023-03-13,0.8837,gbpeur,FX,ecb
2023-03-14,0.88054,gbpeur,FX,ecb
2023-03-15,0.87243,gbpeur,FX,ecb
2023-03-16,0.8782,gbpeur,FX,ecb
2023-03-17,0.87488,gbpeur,FX,ecb
2023-03-20,0.8756,gbpeur,FX,ecb
2023-03-21,0.88033,gbpeur,FX,ecb
2023-03-22,0.87925,gbpeur,FX,ecb
2023-03-23,0.88523,gbpeur,FX,ecb
2023-03-24,0.8794,gbpeur,FX,ecb
2023-03-27,0.87818,gbpeur,FX,ecb
2023-03-28,0.87938,gbpeur,FX,ecb
2023-03-29,0.87988,gbpeur,FX,ecb
2023-03-30,0.88164,gbpeur,FX,ecb
2023-03-31,0.8792,gbpeur,FX,ecb
2023-04-03,0.8779,gbpeur,FX,ecb
2023-04-04,0.87333,gbpeur,FX,ecb
2023-04-05,0.87685,gbpeur,FX,ecb
2023-04-06,0.87495,gbpeur,FX,ecb
2023-04-11,0.87738,gbpeur,FX,ecb
2023-04-12,0.88038,gbpeur,FX,ecb
2023-04-13,0.88058,gbpeur,FX,ecb
2023-04-14,0.8844,gbpeur,FX,ecb
2023-04-17,0.88373,gbpeur,FX,ecb
2023-04-18,0.88143,gbpeur,FX,ecb
2023-04-19,0.88108,gbpeur,FX,ecb
2023-04-20,0.88153,gbpeur,FX,ecb
2023-04-21,0.8857,gbpeur,FX,ecb
2023-04-24,0.88463,gbpeur,FX,ecb
2023-04-25,0.88645,gbpeur,FX,ecb
2023-04-26,0.8856,gbpeur,FX,ecb
2023-04-27,0.88428,gbpeur,FX,ecb
2023-04-28,0.8805,gbpeur,FX,ecb
2023-05-02,0.87868,gbpeur,FX,ecb
2023-05-03,0.88265,gbpeur,FX,ecb
2023-05-04,0.88015,gbpeur,FX,ecb
2023-05-05,0.87378,gbpeur,FX,ecb
2023-05-08,0.87228,gbpeur,FX,ecb
2023-05-09,0.8699,gbpeur,FX,ecb
2023-05-10,0.86813,gbpeur,FX,ecb
2023-05-11,0.86795,gbpeur,FX,ecb
2023-05-12,0.8702,gbpeur,FX,ecb
2023-05-15,0.86943,gbpeur,FX,ecb
2023-05-16,0.86938,gbpeur,FX,ecb
2023-05-17,0.86895,gbpeur,FX,ecb
2023-05-18,0.8689,gbpeur,FX,ecb
2023-05-19,0.8684,gbpeur,FX,ecb
2023-05-22,0.86846,gbpeur,FX,ecb
2023-05-23,0.86993,gbpeur,FX,ecb
2023-05-24,0.86993,gbpeur,FX,ecb
2023-05-25,0.86793,gbpeur,FX,ecb
2023-05-26,0.86813,gbpeur,FX,ecb
2023-05-29,0.86805,gbpeur,FX,ecb
2023-05-30,0.86365,gbpeur,FX,ecb
2023-05-31,0.86405,gbpeur,FX,ecb
2023-06-01,0.85823,gbpeur,FX,ecb
2023-06-02,0.8593,gbpeur,FX,ecb
2023-06-05,0.86323,gbpeur,FX,ecb
2023-06-06,0.86103,gbpeur,FX,ecb
2023-06-07,0.8597,gbpeur,FX,ecb
2023-06-08,0.86113,gbpeur,FX,ecb
2023-06-09,0.85795,gbpeur,FX,ecb
2023-06-12,0.85678,gbpeur,FX,ecb
2023-06-13,0.8585,gbpeur,FX,ecb
2023-06-14,0.85455,gbpeur,FX,ecb
2023-06-15,0.85555,gbpeur,FX,ecb
2023-06-16,0.85428,gbpeur,FX,ecb
2023-06-19,0.85268,gbpeur,FX,ecb
2023-06-20,0.85705,gbpeur,FX,ecb
2023-06-21,0.85828,gbpeur,FX,ecb
2023-06-22,0.86115,gbpeur,FX,ecb
2023-06-23,0.85479,gbpeur,FX,ecb
2023-06-26,0.85878,gbpeur,FX,ecb
2023-06-27,0.8599,gbpeur,FX,ecb
2023-06-28,0.8642,gbpeur,FX,ecb
2023-06-29,0.864,gbpeur,FX,ecb
2023-06-30,0.85828,gbpeur,FX,ecb
2023-07-03,0.8598,gbpeur,FX,ecb
2023-07-04,0.85673,gbpeur,FX,ecb
2023-07-05,0.85685,gbpeur,FX,ecb
2023-07-06,0.8531,gbpeur,FX,ecb
2023-07-07,0.85298,gbpeur,FX,ecb
2023-07-10,0.85733,gbpeur,FX,ecb
2023-07-11,0.8511,gbpeur,FX,ecb
2023-07-12,0.85378,gbpeur,FX,ecb
2023-07-13,0.85553,gbpeur,FX,ecb
2023-07-14,0.8559,gbpeur,FX,ecb
2023-07-17,0.85873,gbpeur,FX,ecb
2023-07-18,0.85838,gbpeur,FX,ecb
2023-07-19,0.86918,gbpeur,FX,ecb
2023-07-20,0.8692,gbpeur,FX,ecb
2023-07-21,0.86706,gbpeur,FX,ecb
2023-07-24,0.8635,gbpeur,FX,ecb
2023-07-25,0.86148,gbpeur,FX,ecb
2023-07-26,0.85695,gbpeur,FX,ecb
2023-07-27,0.85885,gbpeur,FX,ecb
2023-07-28,0.8556,gbpeur,FX,ecb
2023-07-31,0.85765,gbpeur,FX,ecb
2023-08-01,0.85865,gbpeur,FX,ecb
2023-08-02,0.86038,gbpeur,FX,ecb
2023-08-03,0.86468,gbpeur,FX,ecb
2023-08-04,0.86193,gbpeur,FX,ecb
2023-08-07,0.86163,gbpeur,FX,ecb
2023-08-08,0.86158,gbpeur,FX,ecb
2023-08-09,0.8618,gbpeur,FX,ecb
2023-08-10,0.86313,gbpeur,FX,ecb
2023-08-11,0.86415,gbpeur,FX,ecb
2023-08-14,0.86215,gbpeur,FX,ecb
2023-08-15,0.85955,gbpeur,FX,ecb
2023-08-16,0.85645,gbpeur,FX,ecb
2023-08-17,0.85395,gbpeur,FX,ecb
2023-08-18,0.85493,gbpeur,FX,ecb
2023-08-21,0.85475,gbpeur,FX,ecb
2023-08-22,0.85288,gbpeur,FX,ecb
2023-08-23,0.85653,gbpeur,FX,ecb
2023-08-24,0.8565,gbpeur,FX,ecb
2023-08-25,0.85643,gbpeur,FX,ecb
2023-08-28,0.85815,gbpeur,FX,ecb
2023-08-29,0.8586,gbpeur,FX,ecb
2023-08-30,0.8592,gbpeur,FX,ecb
2023-08-31,0.85718,gbpeur,FX,ecb
2023-09-01,0.85538,gbpeur,FX,ecb
2023-09-04,0.8555,gbpeur,FX,ecb
2023-09-05,0.85535,gbpeur,FX,ecb
2023-09-06,0.85503,gbpeur,FX,ecb
2023-09-07,0.859,gbpeur,FX,ecb
2023-09-08,0.85735,gbpeur,FX,ecb
2023-09-11,0.8565,gbpeur,FX,ecb
2023-09-12,0.85925,gbpeur,FX,ecb
2023-09-13,0.8609,gbpeur,FX,ecb
2023-09-14,0.85995,gbpeur,FX,ecb
2023-09-15,0.85878,gbpeur,FX,ecb
2023-09-18,0.86141,gbpeur,FX,ecb
2023-09-19,0.86263,gbpeur,FX,ecb
2023-09-20,0.8653,gbpeur,FX,ecb
2023-09-21,0.86713,gbpeur,FX,ecb
2023-09-22,0.86795,gbpeur,FX,ecb
2023-09-25,0.86965,gbpeur,FX,ecb
2023-09-26,0.8702,gbpeur,FX,ecb
2023-09-27,0.8681,gbpeur,FX,ecb
2023-09-28,0.86333,gbpeur,FX,ecb
2023-09-29,0.86458,gbpeur,FX,ecb
2023-10-02,0.86628,gbpeur,FX,ecb
2023-10-03,0.86775,gbpeur,FX,ecb
2023-10-04,0.86588,gbpeur,FX,ecb
2023-10-05,0.86605,gbpeur,FX,ecb
2023-10-06,0.8651,gbpeur,FX,ecb
2023-10-09,0.8652,gbpeur,FX,ecb
2023-10-10,0.8639,gbpeur,FX,ecb
2023-10-11,0.86265,gbpeur,FX,ecb
2023-10-12,0.8626,gbpeur,FX,ecb
2023-10-13,0.86415,gbpeur,FX,ecb
2023-10-16,0.86545,gbpeur,FX,ecb
2023-10-17,0.8682,gbpeur,FX,ecb
2023-10-18,0.8661,gbpeur,FX,ecb
2023-10-19,0.87098,gbpeur,FX,ecb
2023-10-20,0.87213,gbpeur,FX,ecb
2023-10-23,0.87153,gbpeur,FX,ecb
2023-10-24,0.87025,gbpeur,FX,ecb
2023-10-25,0.8724,gbpeur,FX,ecb
2023-10-26,0.8717,gbpeur,FX,ecb
2023-10-27,0.87023,gbpeur,FX,ecb
2023-10-30,0.87345,gbpeur,FX,ecb
2023-10-31,0.87366,gbpeur,FX,ecb
2023-11-01,0.86945,gbpeur,FX,ecb
2023-11-02,0.87305,gbpeur,FX,ecb
2023-11-03,0.86983,gbpeur,FX,ecb
2023-11-06,0.8664,gbpeur,FX,ecb
2023-11-07,0.86855,gbpeur,FX,ecb
2023-11-08,0.87015,gbpeur,FX,ecb
2023-11-09,0.87205,gbpeur,FX,ecb
2023-11-10,0.87435,gbpeur,FX,ecb
2023-11-13,0.87155,gbpeur,FX,ecb
2023-11-14,0.8723,gbpeur,FX,ecb
2023-11-15,0.87188,gbpeur,FX,ecb
2023-11-16,0.8752,gbpeur,FX,ecb
2023-11-17,0.87395,gbpeur,FX,ecb
2023-11-20,0.8763,gbpeur,FX,ecb
2023-11-21,0.87326,gbpeur,FX,ecb
2023-11-22,0.8703,gbpeur,FX,ecb
2023-11-23,0.8694,gbpeur,FX,ecb
2023-11-24,0.86818,gbpeur,FX,ecb
2023-11-27,0.86671,gbpeur,FX,ecb
2023-11-28,0.8682,gbpeur,FX,ecb
2023-11-29,0.86525,gbpeur,FX,ecb
2023-11-30,0.86368,gbpeur,FX,ecb
2023-12-01,0.86045,gbpeur,FX,ecb
2023-12-04,0.8579,gbpeur,FX,ecb
2023-12-05,0.85723,gbpeur,FX,ecb
2023-12-06,0.8561,gbpeur,FX,ecb
2023-12-07,0.8575,gbpeur,FX,ecb
2023-12-08,0.8569,gbpeur,FX,ecb
2023-12-11,0.8558,gbpeur,FX,ecb
2023-12-12,0.85928,gbpeur,FX,ecb
2023-12-13,0.8612,gbpeur,FX,ecb
2023-12-14,0.85955,gbpeur,FX,ecb
2023-12-15,0.85833,gbpeur,FX,ecb
2023-12-18,0.86263,gbpeur,FX,ecb
2023-12-19,0.86095,gbpeur,FX,ecb
2023-12-20,0.86555,gbpeur,FX,ecb
2023-12-21,0.86805,gbpeur,FX,ecb
2023-12-22,0.8666,gbpeur,FX,ecb
2023-12-27,0.8683,gbpeur,FX,ecb
2023-12-28,0.8706,gbpeur,FX,ecb
2023-12-29,0.86905,gbpeur,FX,ecb
2024-01-02,0.86645,gbpeur,FX,ecb
2024-01-03,0.8647,gbpeur,FX,ecb
2024-01-04,0.86278,gbpeur,FX,ecb
2024-01-05,0.8621,gbpeur,FX,ecb
2024-01-08,0.8615,gbpeur,FX,ecb
2024-01-09,0.85938,gbpeur,FX,ecb
2024-01-10,0.86023,gbpeur,FX,ecb
2024-01-11,0.86145,gbpeur,FX,ecb
2024-01-12,0.8595,gbpeur,FX,ecb
2024-01-15,0.86075,gbpeur,FX,ecb
2024-01-16,0.86078,gbpeur,FX,ecb
2024-01-17,0.85818,gbpeur,FX,ecb
2024-01-18,0.85773,gbpeur,FX,ecb
2024-01-19,0.85825,gbpeur,FX,ecb
2024-01-22,0.85575,gbpeur,FX,ecb
2024-01-23,0.85493,gbpeur,FX,ecb
2024-01-24,0.85543,gbpeur,FX,ecb
2024-01-25,0.85538,gbpeur,FX,ecb
2024-01-26,0.85368,gbpeur,FX,ecb
2024-01-29,0.8525,gbpeur,FX,ecb
2024-01-30,0.85628,gbpeur,FX,ecb
2024-01-31,0.85435,gbpeur,FX,ecb
2024-02-01,0.85353,gbpeur,FX,ecb
2024-02-02,0.85263,gbpeur,FX,ecb
2024-02-05,0.85595,gbpeur,FX,ecb
2024-02-06,0.8546,gbpeur,FX,ecb
2024-02-07,0.85305,gbpeur,FX,ecb
2024-02-08,0.85378,gbpeur,FX,ecb
2024-02-09,0.8544,gbpeur,FX,ecb
2024-02-12,0.85391,gbpeur,FX,ecb
2024-02-13,0.85098,gbpeur,FX,ecb
2024-02-14,0.85258,gbpeur,FX,ecb
2024-02-15,0.85635,gbpeur,FX,ecb
2024-02-16,0.85605,gbpeur,FX,ecb
2024-02-19,0.85448,gbpeur,FX,ecb
2024-02-20,0.8566,gbpeur,FX,ecb
2024-02-21,0.85619,gbpeur,FX,ecb
2024-02-22,0.85625,gbpeur,FX,ecb
2024-02-23,0.8534,gbpeur,FX,ecb
2024-02-26,0.85495,gbpeur,FX,ecb
2024-02-27,0.8562,gbpeur,FX,ecb
2024-02-28,0.85548,gbpeur,FX,ecb
2024-02-29,0.85655,gbpeur,FX,ecb
2024-03-01,0.85588,gbpeur,FX,ecb
2024-03-04,0.85583,gbpeur,FX,ecb
2024-03-05,0.85543,gbpeur,FX,ecb
2024-03-06,0.85498,gbpeur,FX,ecb
2024-03-07,0.85445,gbpeur,FX,ecb
2024-03-08,0.85168,gbpeur,FX,ecb
2024-03-11,0.85208,gbpeur,FX,ecb
2024-03-12,0.85458,gbpeur,FX,ecb
2024-03-13,0.85451,gbpeur,FX,ecb
2024-03-14,0.8542,gbpeur,FX,ecb
2024-03-15,0.8541,gbpeur,FX,ecb
2024-03-18,0.85525,gbpeur,FX,ecb
2024-03-19,0.85445,gbpeur,FX,ecb
2024-03-20,0.85438,gbpeur,FX,ecb
2024-03-21,0.85678,gbpeur,FX,ecb
2024-03-22,0.85795,gbpeur,FX,ecb
2024-03-25,0.85698,gbpeur,FX,ecb
2024-03-26,0.85846,gbpeur,FX,ecb
2024-03-27,0.85768,gbpeur,FX,ecb
2024-03-28,0.8551,gbpeur,FX,ecb
2024-04-02,0.8551,gbpeur,FX,ecb
2024-04-03,0.85713,gbpeur,FX,ecb
2024-04-04,0.85788,gbpeur,FX,ecb
2024-04-05,0.85773,gbpeur,FX,ecb
2024-04-08,0.85795,gbpeur,FX,ecb
2024-04-09,0.85663,gbpeur,FX,ecb
2024-04-10,0.85515,gbpeur,FX,ecb
2024-04-11,0.85525,gbpeur,FX,ecb
2024-04-12,0.85424,gbpeur,FX,ecb
2024-04-15,0.85405,gbpeur,FX,ecb
2024-04-16,0.8544,gbpeur,FX,ecb
2024-04-17,0.854,gbpeur,FX,ecb
2024-04-18,0.85628,gbpeur,FX,ecb
2024-04-19,0.8562,gbpeur,FX,ecb
2024-04-22,0.86328,gbpeur,FX,ecb
2024-04-23,0.8605,gbpeur,FX,ecb
2024-04-24,0.85945,gbpeur,FX,ecb
2024-04-25,0.85675,gbpeur,FX,ecb
2024-04-26,0.85643,gbpeur,FX,ecb
2024-04-29,0.85493,gbpeur,FX,ecb
2024-04-30,0.85478,gbpeur,FX,ecb
2024-05-02,0.85538,gbpeur,FX,ecb
2024-05-03,0.85573,gbpeur,FX,ecb
2024-05-06,0.8566,gbpeur,FX,ecb
2024-05-07,0.85805,gbpeur,FX,ecb
2024-05-08,0.86083,gbpeur,FX,ecb
2024-05-09,0.85995,gbpeur,FX,ecb
2024-05-10,0.86055,gbpeur,FX,ecb
2024-05-13,0.86023,gbpeur,FX,ecb
2024-05-14,0.85983,gbpeur,FX,ecb
2024-05-15,0.8584,gbpeur,FX,ecb
2024-05-16,0.8585,gbpeur,FX,ecb
2024-05-17,0.85685,gbpeur,FX,ecb
2024-05-20,0.85548,gbpeur,FX,ecb
2024-05-21,0.8544,gbpeur,FX,ecb
2024-05-22,0.85165,gbpeur,FX,ecb
2024-05-23,0.85175,gbpeur,FX,ecb
2024-05-24,0.85241,gbpeur,FX,ecb
2024-05-27,0.8507,gbpeur,FX,ecb
2024-05-28,0.8508,gbpeur,FX,ecb
2024-05-29,0.8513,gbpeur,FX,ecb
2024-05-30,0.85105,gbpeur,FX,ecb
2024-05-31,0.85365,gbpeur,FX,ecb
2024-06-03,0.85175,gbpeur,FX,ecb
2024-06-04,0.85143,gbpeur,FX,ecb
2024-06-05,0.85048,gbpeur,FX,ecb
2024-06-06,0.85088,gbpeur,FX,ecb
2024-06-07,0.8512,gbpeur,FX,ecb
2024-06-10,0.84565,gbpeur,FX,ecb
2024-06-11,0.84198,gbpeur,FX,ecb
2024-06-12,0.84365,gbpeur,FX,ecb
2024-06-13,0.84468,gbpeur,FX,ecb
2024-06-14,0.84205,gbpeur,FX,ecb
2024-06-17,0.84573,gbpeur,FX,ecb
2024-06-18,0.8454,gbpeur,FX,ecb
2024-06-19,0.84455,gbpeur,FX,ecb
2024-06-20,0.84513,gbpeur,FX,ecb
2024-06-21,0.84531,gbpeur,FX,ecb
2024-06-24,0.8473,gbpeur,FX,ecb
2024-06-25,0.84465,gbpeur,FX,ecb
2024-06-26,0.84453,gbpeur,FX,ecb
2024-06-27,0.8459,gbpeur,FX,ecb
2024-06-28,0.84638,gbpeur,FX,ecb
2024-07-01,0.8479,gbpeur,FX,ecb
2024-07-02,0.84755,gbpeur,FX,ecb
2024-07-03,0.8468,gbpeur,FX,ecb
2024-07-04,0.84663,gbpeur,FX,ecb
2024-07-05,0.84613,gbpeur,FX,ecb
2024-07-08,0.8441,gbpeur,FX,ecb
2024-07-09,0.84491,gbpeur,FX,ecb
2024-07-10,0.84518,gbpeur,FX,ecb
2024-07-11,0.84305,gbpeur,FX,ecb
2024-07-12,0.84029,gbpeur,FX,ecb
2024-07-15,0.84045,gbpeur,FX,ecb
2024-07-16,0.84058,gbpeur,FX,ecb
2024-07-17,0.83915,gbpeur,FX,ecb
2024-07-18,0.84175,gbpeur,FX,ecb
2024-07-19,0.8428,gbpeur,FX,ecb
2024-07-22,0.84215,gbpeur,FX,ecb
2024-07-23,0.84073,gbpeur,FX,ecb
2024-07-24,0.83973,gbpeur,FX,ecb
2024-07-25,0.8428,gbpeur,FX,ecb
2024-07-26,0.84378,gbpeur,FX,ecb
2024-07-29,0.84345,gbpeur,FX,ecb
2024-07-30,0.8426,gbpeur,FX,ecb
2024-07-31,0.8438,gbpeur,FX,ecb
2024-08-01,0.84328,gbpeur,FX,ecb
2024-08-02,0.85,gbpeur,FX,ecb
2024-08-05,0.85878,gbpeur,FX,ecb
2024-08-06,0.85998,gbpeur,FX,ecb
2024-08-07,0.85808,gbpeur,FX,ecb
2024-08-08,0.86093,gbpeur,FX,ecb
2024-08-09,0.85708,gbpeur,FX,ecb
2024-08-12,0.85554,gbpeur,FX,ecb
2024-08-13,0.85458,gbpeur,FX,ecb
2024-08-14,0.85783,gbpeur,FX,ecb
2024-08-15,0.85615,gbpeur,FX,ecb
2024-08-16,0.85128,gbpeur,FX,ecb
2024-08-19,0.85243,gbpeur,FX,ecb
2024-08-20,0.85194,gbpeur,FX,ecb
2024-08-21,0.85303,gbpeur,FX,ecb
2024-08-22,0.84943,gbpeur,FX,ecb
2024-08-23,0.84733,gbpeur,FX,ecb
2024-08-26,0.84645,gbpeur,FX,ecb
2024-08-27,0.84438,gbpeur,FX,ecb
2024-08-28,0.84163,gbpeur,FX,ecb
2024-08-29,0.84175,gbpeur,FX,ecb
2024-08-30,0.8412,gbpeur,FX,ecb
2024-09-02,0.84218,gbpeur,FX,ecb
2024-09-03,0.84085,gbpeur,FX,ecb
2024-09-04,0.84248,gbpeur,FX,ecb
2024-09-05,0.84318,gbpeur,FX,ecb
2024-09-06,0.84293,gbpeur,FX,ecb
2024-09-09,0.84365,gbpeur,FX,ecb
2024-09-10,0.84265,gbpeur,FX,ecb
2024-09-11,0.84375,gbpeur,FX,ecb
2024-09-12,0.8446,gbpeur,FX,ecb
2024-09-13,0.84475,gbpeur,FX,ecb
2024-09-16,0.84278,gbpeur,FX,ecb
2024-09-17,0.84278,gbpeur,FX,ecb
2024-09-18,0.84225,gbpeur,FX,ecb
2024-09-19,0.83953,gbpeur,FX,ecb
2024-09-20,0.8391,gbpeur,FX,ecb
2024-09-23,0.83518,gbpeur,FX,ecb
2024-09-24,0.8322,gbpeur,FX,ecb
2024-09-25,0.83653,gbpeur,FX,ecb
2024-09-26,0.83428,gbpeur,FX,ecb
2024-09-27,0.83338,gbpeur,FX,ecb
2024-09-30,0.83543,gbpeur,FX,ecb
2024-10-01,0.83193,gbpeur,FX,ecb
2024-10-02,0.83288,gbpeur,FX,ecb
2024-10-03,0.84258,gbpeur,FX,ecb
2024-10-04,0.83735,gbpeur,FX,ecb
2024-10-07,0.83918,gbpeur,FX,ecb
2024-10-08,0.83778,gbpeur,FX,ecb
2024-10-09,0.8374,gbpeur,FX,ecb
2024-10-10,0.83686,gbpeur,FX,ecb
2024-10-11,0.83705,gbpeur,FX,ecb
2024-10-14,0.83665,gbpeur,FX,ecb
2024-10-15,0.83355,gbpeur,FX,ecb
2024-10-16,0.83605,gbpeur,FX,ecb
2024-10-17,0.83455,gbpeur,FX,ecb
2024-10-18,0.83165,gbpeur,FX,ecb
2024-10-21,0.83315,gbpeur,FX,ecb
2024-10-22,0.8334,gbpeur,FX,ecb
2024-10-23,0.83148,gbpeur,FX,ecb
2024-10-24,0.8321,gbpeur,FX,ecb
2024-10-25,0.83358,gbpeur,FX,ecb
2024-10-28,0.8329,gbpeur,FX,ecb
2024-10-29,0.8302,gbpeur,FX,ecb
2024-10-30,0.83425,gbpeur,FX,ecb
2024-10-31,0.83753,gbpeur,FX,ecb
2024-11-01,0.83998,gbpeur,FX,ecb
2024-11-04,0.84063,gbpeur,FX,ecb
2024-11-05,0.8392,gbpeur,FX,ecb
2024-11-06,0.83223,gbpeur,FX,ecb
2024-11-07,0.83185,gbpeur,FX,ecb
2024-11-08,0.83188,gbpeur,FX,ecb
2024-11-11,0.8268,gbpeur,FX,ecb
2024-11-12,0.82835,gbpeur,FX,ecb
2024-11-13,0.83413,gbpeur,FX,ecb
2024-11-14,0.83158,gbpeur,FX,ecb
2024-11-15,0.83455,gbpeur,FX,ecb
2024-11-18,0.8356,gbpeur,FX,ecb
2024-11-19,0.83638,gbpeur,FX,ecb
2024-11-20,0.8338,gbpeur,FX,ecb
2024-11-21,0.83273,gbpeur,FX,ecb
2024-11-22,0.83205,gbpeur,FX,ecb
2024-11-25,0.83465,gbpeur,FX,ecb
2024-11-26,0.8348,gbpeur,FX,ecb
2024-11-27,0.834,gbpeur,FX,ecb
2024-11-28,0.8323,gbpeur,FX,ecb
2024-11-29,0.83205,gbpeur,FX,ecb
2024-12-02,0.82898,gbpeur,FX,ecb
2024-12-03,0.83123,gbpeur,FX,ecb
2024-12-04,0.8283,gbpeur,FX,ecb
2024-12-05,0.828,gbpeur,FX,ecb
2024-12-06,0.82855,gbpeur,FX,ecb
2024-12-09,0.82805,gbpeur,FX,ecb
2024-12-10,0.82555,gbpeur,FX,ecb
2024-12-11,0.82458,gbpeur,FX,ecb
2024-12-12,0.82428,gbpeur,FX,ecb
2024-12-13,0.83043,gbpeur,FX,ecb
2024-12-16,0.82945,gbpeur,FX,ecb
2024-12-17,0.82648,gbpeur,FX,ecb
2024-12-18,0.8252,gbpeur,FX,ecb
2024-12-19,0.82445,gbpeur,FX,ecb
2024-12-20,0.82965,gbpeur,FX,ecb
2024-12-23,0.82995,gbpeur,FX,ecb
2024-12-24,0.82805,gbpeur,FX,ecb
2024-12-27,0.83098,gbpeur,FX,ecb
2024-12-30,0.8295,gbpeur,FX,ecb
2024-12-31,0.82918,gbpeur,FX,ecb
2025-01-02,0.83118,gbpeur,FX,ecb
2025-01-03,0.82993,gbpeur,FX,ecb
2025-01-06,0.83098,gbpeur,FX,ecb
2025-01-07,0.82915,gbpeur,FX,ecb
2025-01-08,0.83403,gbpeur,FX,ecb
2025-01-09,0.83808,gbpeur,FX,ecb
2025-01-10,0.83693,gbpeur,FX,ecb
2025-01-13,0.8416,gbpeur,FX,ecb
2025-01-14,0.84288,gbpeur,FX,ecb
2025-01-15,0.84313,gbpeur,FX,ecb
2025-01-16,0.84258,gbpeur,FX,ecb
2025-01-17,0.84453,gbpeur,FX,ecb
2025-01-20,0.84588,gbpeur,FX,ecb
2025-01-21,0.84553,gbpeur,FX,ecb
2025-01-22,0.84466,gbpeur,FX,ecb
2025-01-23,0.84468,gbpeur,FX,ecb
2025-01-24,0.84413,gbpeur,FX,ecb
2025-01-27,0.84106,gbpeur,FX,ecb
2025-01-28,0.83868,gbpeur,FX,ecb
2025-01-29,0.83723,gbpeur,FX,ecb
2025-01-30,0.83685,gbpeur,FX,ecb
2025-01-31,0.83608,gbpeur,FX,ecb
2025-02-03,0.83136,gbpeur,FX,ecb
2025-02-04,0.83188,gbpeur,FX,ecb
2025-02-05,0.83085,gbpeur,FX,ecb
2025-02-06,0.83688,gbpeur,FX,ecb
2025-02-07,0.83353,gbpeur,FX,ecb
2025-02-10,0.83283,gbpeur,FX,ecb
2025-02-11,0.83355,gbpeur,FX,ecb
2025-02-12,0.83338,gbpeur,FX,ecb
2025-02-13,0.83313,gbpeur,FX,ecb
2025-02-14,0.83215,gbpeur,FX,ecb
2025-02-17,0.83133,gbpeur,FX,ecb
2025-02-18,0.83025,gbpeur,FX,ecb
2025-02-19,0.82838,gbpeur,FX,ecb
2025-02-20,0.82823,gbpeur,FX,ecb
2025-02-21,0.8276,gbpeur,FX,ecb
2025-02-24,0.8283,gbpeur,FX,ecb
2025-02-25,0.82908,gbpeur,FX,ecb
2025-02-26,0.82868,gbpeur,FX,ecb
2025-02-27,0.82673,gbpeur,FX,ecb
2025-02-28,0.82608,gbpeur,FX,ecb
2025-03-03,0.8253,gbpeur,FX,ecb
2025-03-04,0.82788,gbpeur,FX,ecb
2025-03-05,0.835,gbpeur,FX,ecb
2025-03-06,0.8379,gbpeur,FX,ecb
2025-03-07,0.84088,gbpeur,FX,ecb
2025-03-10,0.83849,gbpeur,FX,ecb
2025-03-11,0.84374,gbpeur,FX,ecb
2025-03-12,0.84078,gbpeur,FX,ecb
2025-03-13,0.83778,gbpeur,FX,ecb
2025-03-14,0.84183,gbpeur,FX,ecb
2025-03-17,0.84026,gbpeur,FX,ecb
2025-03-18,0.84173,gbpeur,FX,ecb
2025-03-19,0.84078,gbpeur,FX,ecb
2025-03-20,0.8369,gbpeur,FX,ecb
2025-03-21,0.83765,gbpeur,FX,ecb
2025-03-24,0.83663,gbpeur,FX,ecb
2025-03-25,0.83565,gbpeur,FX,ecb
2025-03-26,0.83623,gbpeur,FX,ecb
2025-03-27,0.83318,gbpeur,FX,ecb
2025-03-28,0.83358,gbpeur,FX,ecb
2025-03-31,0.83536,gbpeur,FX,ecb
2025-04-01,0.83665,gbpeur,FX,ecb
2025-04-02,0.83455,gbpeur,FX,ecb
2025-04-03,0.84163,gbpeur,FX,ecb
2025-04-04,0.84985,gbpeur,FX,ecb
2025-04-07,0.85588,gbpeur,FX,ecb
2025-04-08,0.85644,gbpeur,FX,ecb
2025-04-09,0.86435,gbpeur,FX,ecb
2025-04-10,0.85755,gbpeur,FX,ecb
2025-04-11,0.86678,gbpeur,FX,ecb
2025-04-14,0.86383,gbpeur,FX,ecb
2025-04-15,0.8557,gbpeur,FX,ecb
2025-04-16,0.85618,gbpeur,FX,ecb
2025-04-17,0.85873,gbpeur,FX,ecb
2025-04-22,0.85858,gbpeur,FX,ecb
2025-04-23,0.85793,gbpeur,FX,ecb
2025-04-24,0.855,gbpeur,FX,ecb
2025-04-25,0.8531,gbpeur,FX,ecb
2025-04-28,0.8514,gbpeur,FX,ecb
2025-04-29,0.8498,gbpeur,FX,ecb
2025-04-30,0.8518,gbpeur,FX,ecb
2025-05-02,0.8533,gbpeur,FX,ecb
2025-05-05,0.8515,gbpeur,FX,ecb
2025-05-06,0.8469,gbpeur,FX,ecb
2025-05-07,0.8511,gbpeur,FX,ecb
2025-05-08,0.8476,gbpeur,FX,ecb
2025-05-09,0.8477,gbpeur,FX,ecb
2025-05-12,0.8429,gbpeur,FX,ecb
2025-05-13,0.8406,gbpeur,FX,ecb
2025-05-14,0.8415,gbpeur,FX,ecb
2025-05-15,0.8424,gbpeur,FX,ecb
2025-05-16,0.8427,gbpeur,FX,ecb
2025-05-19,0.8419,gbpeur,FX,ecb
2025-05-20,0.8418,gbpeur,FX,ecb
2025-05-21,0.8446,gbpeur,FX,ecb
2025-05-22,0.8427,gbpeur,FX,ecb
2025-05-23,0.8382,gbpeur,FX,ecb
2025-05-26,0.8392,gbpeur,FX,ecb
2025-05-27,0.8381,gbpeur,FX,ecb
2025-05-28,0.8398,gbpeur,FX,ecb
2025-05-29,0.8377,gbpeur,FX,ecb
2025-05-30,0.8412,gbpeur,FX,ecb
2025-06-02,0.8434,gbpeur,FX,ecb
2025-06-03,0.8436,gbpeur,FX,ecb
2025-06-04,0.8421,gbpeur,FX,ecb
2025-06-05,0.8419,gbpeur,FX,ecb
2025-06-06,0.8426,gbpeur,FX,ecb
2025-06-09,0.8424,gbpeur,FX,ecb
2025-06-10,0.8464,gbpeur,FX,ecb
2025-06-11,0.8476,gbpeur,FX,ecb
2025-06-12,0.8538,gbpeur,FX,ecb
2025-06-13,0.8505,gbpeur,FX,ecb
2025-06-16,0.8523,gbpeur,FX,ecb
2025-06-17,0.8525,gbpeur,FX,ecb
2025-06-18,0.8552,gbpeur,FX,ecb
2025-06-19,0.8541,gbpeur,FX,ecb
2025-06-20,0.8537,gbpeur,FX,ecb
2025-06-23,0.8567,gbpeur,FX,ecb
2025-06-24,0.8527,gbpeur,FX,ecb
2025-06-25,0.8526,gbpeur,FX,ecb
2025-06-26,0.8535,gbpeur,FX,ecb
2025-06-27,0.8529,gbpeur,FX,ecb
2025-06-30,0.8555,gbpeur,FX,ecb
2025-07-01,0.8588,gbpeur,FX,ecb
2025-07-02,0.8605,gbpeur,FX,ecb
2025-07-03,0.8629,gbpeur,FX,ecb
2025-07-04,0.8625,gbpeur,FX,ecb
2025-07-07,0.8611,gbpeur,FX,ecb
2025-07-08,0.8632,gbpeur,FX,ecb
2025-07-09,0.8613,gbpeur,FX,ecb
2025-07-10,0.8627,gbpeur,FX,ecb
2025-07-11,0.8657,gbpeur,FX,ecb
2025-07-14,0.8667,gbpeur,FX,ecb
2025-07-15,0.8679,gbpeur,FX,ecb
2025-07-16,0.8659,gbpeur,FX,ecb
2025-07-17,0.8644,gbpeur,FX,ecb
2025-07-18,0.8656,gbpeur,FX,ecb
2025-07-21,0.8656,gbpeur,FX,ecb
2025-07-22,0.8675,gbpeur,FX,ecb
2025-07-23,0.8665,gbpeur,FX,ecb
2025-07-24,0.8675,gbpeur,FX,ecb
2025-07-25,0.8715,gbpeur,FX,ecb
2025-07-28,0.8679,gbpeur,FX,ecb
2025-07-29,0.865,gbpeur,FX,ecb
2025-07-30,0.8622,gbpeur,FX,ecb
2025-07-31,0.8649,gbpeur,FX,ecb
2025-08-01,0.8665,gbpeur,FX,ecb
2025-08-04,0.8704,gbpeur,FX,ecb
2025-08-05,0.8693,gbpeur,FX,ecb
2025-08-06,0.8717,gbpeur,FX,ecb
2025-08-07,0.8673,gbpeur,FX,ecb
2025-08-08,0.8671,gbpeur,FX,ecb
2025-08-11,0.8656,gbpeur,FX,ecb
2025-08-12,0.8621,gbpeur,FX,ecb
2025-08-13,0.8631,gbpeur,FX,ecb
2025-08-14,0.861,gbpeur,FX,ecb
2025-08-15,0.8622,gbpeur,FX,ecb
2025-08-18,0.8621,gbpeur,FX,ecb
2025-08-19,0.864,gbpeur,FX,ecb
2025-08-20,0.8645,gbpeur,FX,ecb
2025-08-21,0.8654,gbpeur,FX,ecb
2025-08-22,0.8653,gbpeur,FX,ecb
2025-08-25,0.8659,gbpeur,FX,ecb
2025-08-26,0.8642,gbpeur,FX,ecb
2025-08-27,0.8626,gbpeur,FX,ecb
2025-08-28,0.8637,gbpeur,FX,ecb
2025-08-29,0.8668,gbpeur,FX,ecb
2025-09-01,0.8662,gbpeur,FX,ecb
2025-09-02,0.8702,gbpeur,FX,ecb
2025-09-03,0.8687,gbpeur,FX,ecb
2025-09-04,0.8663,gbpeur,FX,ecb
2025-09-05,0.8678,gbpeur,FX,ecb
2025-09-08,0.8669,gbpeur,FX,ecb
2025-09-09,0.8663,gbpeur,FX,ecb
2025-09-10,0.865,gbpeur,FX,ecb
2025-09-11,0.8647,gbpeur,FX,ecb
2025-09-12,0.8653,gbpeur,FX,ecb
2025-09-15,0.8641,gbpeur,FX,ecb
2025-09-16,0.8656,gbpeur,FX,ecb
2025-09-17,0.8675,gbpeur,FX,ecb
2025-09-18,0.868,gbpeur,FX,ecb
2025-09-19,0.8708,gbpeur,FX,ecb
2025-09-22,0.8729,gbpeur,FX,ecb
2025-09-23,0.8729,gbpeur,FX,ecb
2025-09-24,0.8731,gbpeur,FX,ecb
2025-09-25,0.8748,gbpeur,FX,ecb
2025-09-26,0.874,gbpeur,FX,ecb
2025-09-29,0.8723,gbpeur,FX,ecb
2025-09-30,0.8734,gbpeur,FX,ecb
2025-10-01,0.8704,gbpeur,FX,ecb
2025-10-02,0.8721,gbpeur,FX,ecb
2025-10-03,0.8726,gbpeur,FX,ecb
2025-10-06,0.8695,gbpeur,FX,ecb
2025-10-07,0.8703,gbpeur,FX,ecb
2025-10-08,0.8671,gbpeur,FX,ecb
2025-10-09,0.8683,gbpeur,FX,ecb
2025-10-10,0.8709,gbpeur,FX,ecb
2025-10-13,0.8677,gbpeur,FX,ecb
2025-10-14,0.8712,gbpeur,FX,ecb
2025-10-15,0.8705,gbpeur,FX,ecb
2025-10-16,0.8676,gbpeur,FX,ecb
2025-10-17,0.8695,gbpeur,FX,ecb
2025-10-20,0.8691,gbpeur,FX,ecb
2025-10-21,0.8678,gbpeur,FX,ecb
2025-10-22,0.8689,gbpeur,FX,ecb
2025-10-23,0.8691,gbpeur,FX,ecb
2025-10-24,0.8726,gbpeur,FX,ecb
2025-10-27,0.8721,gbpeur,FX,ecb
2025-10-28,0.876,gbpeur,FX,ecb
2025-10-29,0.8807,gbpeur,FX,ecb
2025-10-30,0.8801,gbpeur,FX,ecb
2025-10-31,0.8816,gbpeur,FX,ecb
2025-11-03,0.8765,gbpeur,FX,ecb
2025-11-04,0.8795,gbpeur,FX,ecb
2025-11-05,0.881,gbpeur,FX,ecb
2025-11-06,0.8807,gbpeur,FX,ecb
2025-11-07,0.8811,gbpeur,FX,ecb
2025-11-10,0.8778,gbpeur,FX,ecb
2025-11-11,0.8804,gbpeur,FX,ecb
2025-11-12,0.8823,gbpeur,FX,ecb
2025-11-13,0.8819,gbpeur,FX,ecb
2025-11-14,0.8846,gbpeur,FX,ecb
2025-11-17,0.8795,gbpeur,FX,ecb
2025-11-18,0.8821,gbpeur,FX,ecb
2025-11-19,0.8827,gbpeur,FX,ecb
2025-11-20,0.8815,gbpeur,FX,ecb
2025-11-21,0.8803,gbpeur,FX,ecb
2025-11-24,0.8804,gbpeur,FX,ecb
2025-11-25,0.8788,gbpeur,FX,ecb
2025-11-26,0.8776,gbpeur,FX,ecb
2025-11-27,0.8754,gbpeur,FX,ecb
2025-11-28,0.8752,gbpeur,FX,ecb
2025-12-01,0.8778,gbpeur,FX,ecb
2025-12-02,0.8796,gbpeur,FX,ecb
2025-12-03,0.8766,gbpeur,FX,ecb
2025-12-04,0.8745,gbpeur,FX,ecb
2025-12-05,0.8727,gbpeur,FX,ecb
2025-12-08,0.8746,gbpeur,FX,ecb
2025-12-09,0.8735,gbpeur,FX,ecb
2025-12-10,0.8741,gbpeur,FX,ecb
2025-12-11,0.8751,gbpeur,FX,ecb
2025-12-12,0.8767,gbpeur,FX,ecb
2025-12-15,0.8779,gbpeur,FX,ecb
2025-12-16,0.8764,gbpeur,FX,ecb
2025-12-17,0.8785,gbpeur,FX,ecb
2025-12-18,0.8746,gbpeur,FX,ecb
2025-12-19,0.876,gbpeur,FX,ecb
2025-12-22,0.8742,gbpeur,FX,ecb
2025-12-23,0.8729,gbpeur,FX,ecb
2025-12-24,0.8729,gbpeur,FX,ecb
2025-12-29,0.8726,gbpeur,FX,ecb
2025-12-30,0.8712,gbpeur,FX,ecb
2025-12-31,0.8726,gbpeur,FX,ecb
2026-01-02,0.8719,gbpeur,FX,ecb
2026-01-05,0.8676,gbpeur,FX,ecb
2026-01-06,0.8663,gbpeur,FX,ecb
2026-01-07,0.8664,gbpeur,FX,ecb
2026-01-08,0.8687,gbpeur,FX,ecb
2026-01-09,0.8677,gbpeur,FX,ecb
2026-01-12,0.8674,gbpeur,FX,ecb
2026-01-13,0.866,gbpeur,FX,ecb
2026-01-14,0.8668,gbpeur,FX,ecb
2026-01-15,0.8674,gbpeur,FX,ecb
2026-01-16,0.867,gbpeur,FX,ecb
2026-01-19,0.8671,gbpeur,FX,ecb
2026-01-20,0.8722,gbpeur,FX,ecb
2026-01-21,0.8744,gbpeur,FX,ecb
2026-01-22,0.8722,gbpeur,FX,ecb
2026-01-23,0.8681,gbpeur,FX,ecb
2026-01-26,0.8675,gbpeur,FX,ecb
2026-01-27,0.8683,gbpeur,FX,ecb
2026-01-28,0.8685,gbpeur,FX,ecb
2026-01-29,0.8662,gbpeur,FX,ecb
2026-01-30,0.8662,gbpeur,FX,ecb
2026-02-02,0.8658,gbpeur,FX,ecb
2026-02-03,0.8623,gbpeur,FX,ecb
2026-02-04,0.8616,gbpeur,FX,ecb
2026-02-05,0.8691,gbpeur,FX,ecb
2026-02-06,0.8679,gbpeur,FX,ecb
2026-02-09,0.8701,gbpeur,FX,ecb
2026-02-10,0.8695,gbpeur,FX,ecb
2026-02-11,0.8699,gbpeur,FX,ecb
2026-02-12,0.8711,gbpeur,FX,ecb
2026-02-13,0.8716,gbpeur,FX,ecb
2026-02-16,0.869,gbpeur,FX,ecb
2026-02-17,0.8733,gbpeur,FX,ecb
2026-02-18,0.8724,gbpeur,FX,ecb
2026-02-19,0.8738,gbpeur,FX,ecb
2026-02-20,0.8728,gbpeur,FX,ecb
2026-02-23,0.8734,gbpeur,FX,ecb
2026-02-24,0.8731,gbpeur,FX,ecb
2026-02-25,0.8714,gbpeur,FX,ecb
2026-02-26,0.8719,gbpeur,FX,ecb
2026-02-27,0.8763,gbpeur,FX,ecb
2026-03-02,0.8739,gbpeur,FX,ecb
2026-03-03,0.8717,gbpeur,FX,ecb
2026-03-04,0.8705,gbpeur,FX,ecb
2026-03-05,0.8695,gbpeur,FX,ecb
2026-03-06,0.86693,gbpeur,FX,ecb
2026-03-09,0.8653,gbpeur,FX,ecb
2026-03-10,0.86545,gbpeur,FX,ecb
2026-03-11,0.86363,gbpeur,FX,ecb
2026-03-12,0.86243,gbpeur,FX,ecb
2026-03-13,0.86503,gbpeur,FX,ecb
2026-03-16,0.86408,gbpeur,FX,ecb
2026-03-17,0.8643,gbpeur,FX,ecb
2026-03-18,0.86393,gbpeur,FX,ecb
2026-03-19,0.86388,gbpeur,FX,ecb
2026-03-20,0.86438,gbpeur,FX,ecb
2026-03-23,0.8642,gbpeur,FX,ecb
2026-03-24,0.86541,gbpeur,FX,ecb
2026-03-25,0.86558,gbpeur,FX,ecb
2026-03-26,0.86515,gbpeur,FX,ecb
2026-03-27,0.8672,gbpeur,FX,ecb
2026-03-30,0.86803,gbpeur,FX,ecb
2026-03-31,0.86833,gbpeur,FX,ecb
2026-04-01,0.87113,gbpeur,FX,ecb
2026-04-02,0.87253,gbpeur,FX,ecb
2026-04-07,0.87258,gbpeur,FX,ecb
2026-04-08,0.86893,gbpeur,FX,ecb
2026-04-09,0.87053,gbpeur,FX,ecb
2026-04-10,0.87105,gbpeur,FX,ecb
2026-04-13,0.87058,gbpeur,FX,ecb
2026-04-14,0.86913,gbpeur,FX,ecb
2026-04-15,0.86935,gbpeur,FX,ecb
